

INSERT INTO `cms`.`course` (`course_id`, `course_name`, `course_credit`) VALUES ('HM101', 'ENGLISH', '2'); 
INSERT INTO `cms`.`course` (`course_id`, `course_name`, `course_credit`) VALUES ('MA101', 'DESCRETE', '4');
INSERT INTO `cms`.`course` (`course_id`, `course_name`, `course_credit`) VALUES ('EL101', 'DLD', '5'); 
INSERT INTO `cms`.`course` (`course_id`, `course_name`, `course_credit`) VALUES ('IT101', 'C PROG.', '3'); 
INSERT INTO `cms`.`course` (`course_id`, `course_name`, `course_credit`) VALUES ('IT102', 'C LAB', '2');
INSERT INTO `cms`.`course` (`course_id`, `course_name`, `course_credit`) VALUES ('PH101', 'PHYSICS', '3');

INSERT INTO `cms`.`course` (`course_id`, `course_name`, `course_credit`) VALUES ('EL102', 'BEC', '5'); 
INSERT INTO `cms`.`course` (`course_id`, `course_name`, `course_credit`) VALUES ('MA102', 'CALCULAS', '4');
INSERT INTO `cms`.`course` (`course_id`, `course_name`, `course_credit`) VALUES ('CS201', 'DS', '3');
INSERT INTO `cms`.`course` (`course_id`, `course_name`, `course_credit`) VALUES ('CS202', 'DS LAB', '3');
INSERT INTO `cms`.`course` (`course_id`, `course_name`, `course_credit`) VALUES ('CS203', 'CO', '5');
INSERT INTO `cms`.`course` (`course_id`, `course_name`, `course_credit`) VALUES ('IT203', 'INTRO IT', '2');
INSERT INTO `cms`.`course` (`course_id`, `course_name`, `course_credit`) VALUES ('CS205', 'INTRO CS', '2');

INSERT INTO `cms`.`course` (`course_id`, `course_name`, `course_credit`) VALUES ('HM201', 'ECONOMICS', '3'); 
INSERT INTO `cms`.`course` (`course_id`, `course_name`, `course_credit`) VALUES ('IT202', 'DAA', '4');
INSERT INTO `cms`.`course` (`course_id`, `course_name`, `course_credit`) VALUES ('IT201', 'ITKS', '4');
INSERT INTO `cms`.`course` (`course_id`, `course_name`, `course_credit`) VALUES ('CS206', 'OOPS', '3');
INSERT INTO `cms`.`course` (`course_id`, `course_name`, `course_credit`) VALUES ('CS207', 'OOPS LAB', '3');
INSERT INTO `cms`.`course` (`course_id`, `course_name`, `course_credit`) VALUES ('MA201', 'PROB.', '4');
INSERT INTO `cms`.`course` (`course_id`, `course_name`, `course_credit`) VALUES ('CS208', 'SST', '4');
INSERT INTO `cms`.`course` (`course_id`, `course_name`, `course_credit`) VALUES ('CS209', 'OS', '5');

INSERT INTO `cms`.`course` (`course_id`, `course_name`, `course_credit`) VALUES ('HM202', 'TW', '3'); 
INSERT INTO `cms`.`course` (`course_id`, `course_name`, `course_credit`) VALUES ('HM203', 'STS', '3');
INSERT INTO `cms`.`course` (`course_id`, `course_name`, `course_credit`) VALUES ('CS210', 'DBMS', '3');
INSERT INTO `cms`.`course` (`course_id`, `course_name`, `course_credit`) VALUES ('CS211', 'DBMS LAB', '3');
INSERT INTO `cms`.`course` (`course_id`, `course_name`, `course_credit`) VALUES ('IT204', 'OS', '3');
INSERT INTO `cms`.`course` (`course_id`, `course_name`, `course_credit`) VALUES ('IT205', 'OS LAB', '3');
INSERT INTO `cms`.`course` (`course_id`, `course_name`, `course_credit`) VALUES ('CS212', 'CN', '3');
INSERT INTO `cms`.`course` (`course_id`, `course_name`, `course_credit`) VALUES ('CS213', 'CN LAB', '3');
INSERT INTO `cms`.`course` (`course_id`, `course_name`, `course_credit`) VALUES ('CS214', 'DAA', '4');
INSERT INTO `cms`.`course` (`course_id`, `course_name`, `course_credit`) VALUES ('IT206', 'OR', '4');


INSERT INTO `cms`.`faculty` (`fid`, `firstname`, `lastname`, `password`, `gender`, `degree`, `degree_field`, `f_mob_no`, `f_email`, `address`, `city`, `state`, `pin`, `join_date`, `blood_group`, `ip`) VALUES ('7', 'MAJAD', 'JAVERI', '', 'm', '', '', NULL, NULL, '', '', '', '', '', 'O+', '');
INSERT INTO `cms`.`faculty` (`fid`, `firstname`, `lastname`, `password`, `gender`, `degree`, `degree_field`, `f_mob_no`, `f_email`, `address`, `city`, `state`, `pin`, `join_date`, `blood_group`, `ip`) VALUES  ('8', 'MANIK LAL', 'DAS', '', 'm', '', '', NULL, NULL, '', '', '', '', '', 'O+', '');
INSERT INTO `cms`.`faculty` (`fid`, `firstname`, `lastname`, `password`, `gender`, `degree`, `degree_field`, `f_mob_no`, `f_email`, `address`, `city`, `state`, `pin`, `join_date`, `blood_group`, `ip`) VALUES ('1', 'MB', 'BHORANI', '', 'm', '', '', NULL, NULL, '', '', '', '', '', 'O+', '');
INSERT INTO `cms`.`faculty` (`fid`, `firstname`, `lastname`, `password`, `gender`, `degree`, `degree_field`, `f_mob_no`, `f_email`, `address`, `city`, `state`, `pin`, `join_date`, `blood_group`, `ip`) VALUES  ('2', 'PRATIK', 'SHAH', '', 'm', '', '', NULL, NULL, '', '', '', '', '', 'O+', '');
INSERT INTO `cms`.`faculty` (`fid`, `firstname`, `lastname`, `password`, `gender`, `degree`, `degree_field`, `f_mob_no`, `f_email`, `address`, `city`, `state`, `pin`, `join_date`, `blood_group`, `ip`) VALUES ('3', 'BISWJEET', 'MISHRA', '', 'm', '', '', NULL, NULL, '', '', '', '', '', 'O+', '');
INSERT INTO `cms`.`faculty` (`fid`, `firstname`, `lastname`, `password`, `gender`, `degree`, `degree_field`, `f_mob_no`, `f_email`, `address`, `city`, `state`, `pin`, `join_date`, `blood_group`, `ip`) VALUES  ('4', 'PRASHNJEET', 'MAJUNDAR', '', 'm', '', '', NULL, NULL, '', '', '', '', '', 'O+', '');
INSERT INTO `cms`.`faculty` (`fid`, `firstname`, `lastname`, `password`, `gender`, `degree`, `degree_field`, `f_mob_no`, `f_email`, `address`, `city`, `state`, `pin`, `join_date`, `blood_group`, `ip`) VALUES ('6', 'GUATUM', 'DUTTA', '', 'm', '', '', NULL, NULL, '', '', '', '', '', 'O+', '');
INSERT INTO `cms`.`faculty` (`fid`, `firstname`, `lastname`, `password`, `gender`, `degree`, `degree_field`, `f_mob_no`, `f_email`, `address`, `city`, `state`, `pin`, `join_date`, `blood_group`, `ip`) VALUES  ('9', 'RAHUL', 'DUBEY', '', 'm', '', '', NULL, NULL, '', '', '', '', '', 'O+', '');
INSERT INTO `cms`.`faculty` (`fid`, `firstname`, `lastname`, `password`, `gender`, `degree`, `degree_field`, `f_mob_no`, `f_email`, `address`, `city`, `state`, `pin`, `join_date`, `blood_group`, `ip`) VALUES ('10', 'ALKA', 'PARIK', '', 'F', '', '', NULL, NULL, '', '', '', '', '', 'O+', '');
INSERT INTO `cms`.`faculty` (`fid`, `firstname`, `lastname`, `password`, `gender`, `degree`, `degree_field`, `f_mob_no`, `f_email`, `address`, `city`, `state`, `pin`, `join_date`, `blood_group`, `ip`) VALUES  ('11', 'GAGAN', 'GURGE', '', 'm', '', '', NULL, NULL, '', '', '', '', '', 'O+', '');
INSERT INTO `cms`.`faculty` (`fid`, `firstname`, `lastname`, `password`, `gender`, `degree`, `degree_field`, `f_mob_no`, `f_email`, `address`, `city`, `state`, `pin`, `join_date`, `blood_group`, `ip`) VALUES ('12', 'PM', 'JATT', '', 'm', '', '', NULL, NULL, '', '', '', '', '', 'O+', '');
INSERT INTO `cms`.`faculty` (`fid`, `firstname`, `lastname`, `password`, `gender`, `degree`, `degree_field`, `f_mob_no`, `f_email`, `address`, `city`, `state`, `pin`, `join_date`, `blood_group`, `ip`) VALUES  ('13', 'JIGNESH', 'BATT', '', 'm', '', '', NULL, NULL, '', '', '', '', '', 'O+', '');
INSERT INTO `cms`.`faculty` (`fid`, `firstname`, `lastname`, `password`, `gender`, `degree`, `degree_field`, `f_mob_no`, `f_email`, `address`, `city`, `state`, `pin`, `join_date`, `blood_group`, `ip`) VALUES ('14', 'ASIM', 'BENERJEE', '', 'm', '', '', NULL, NULL, '', '', '', '', '', 'O+', '');
INSERT INTO `cms`.`faculty` (`fid`, `firstname`, `lastname`, `password`, `gender`, `degree`, `degree_field`, `f_mob_no`, `f_email`, `address`, `city`, `state`, `pin`, `join_date`, `blood_group`, `ip`) VALUES  ('16', 'NABIN', 'SHAHU', '', 'm', '', '', NULL, NULL, '', '', '', '', '', 'O+', '');
INSERT INTO `cms`.`faculty` (`fid`, `firstname`, `lastname`, `password`, `gender`, `degree`, `degree_field`, `f_mob_no`, `f_email`, `address`, `city`, `state`, `pin`, `join_date`, `blood_group`, `ip`) VALUES ('15', 'AMIT', 'MISHRA', '', 'm', '', '', NULL, NULL, '', '', '', '', '', 'O+', '');


INSERT INTO `cms`.`course_faculty` (`fid`, `course_id`, `acadyear`) VALUES ('6', 'PH101', '2013'); 
INSERT INTO `cms`.`course_faculty` (`fid`, `course_id`, `acadyear`) VALUES ('4', 'IT102', '2013');
INSERT INTO `cms`.`course_faculty` (`fid`, `course_id`, `acadyear`) VALUES ('3', 'EL101', '2013'); 
INSERT INTO `cms`.`course_faculty` (`fid`, `course_id`, `acadyear`) VALUES ('4', 'IT101', '2013');
INSERT INTO `cms`.`course_faculty` (`fid`, `course_id`, `acadyear`) VALUES ('1', 'HM101', '2013'); 
INSERT INTO `cms`.`course_faculty` (`fid`, `course_id`, `acadyear`) VALUES ('2', 'MA201', '2013');
INSERT INTO `cms`.`course_faculty` (`fid`, `course_id`, `acadyear`) VALUES ('7', 'EL102', '2013'); 
INSERT INTO `cms`.`course_faculty` (`fid`, `course_id`, `acadyear`) VALUES ('2', 'MA102', '2013');
INSERT INTO `cms`.`course_faculty` (`fid`, `course_id`, `acadyear`) VALUES ('8', 'IT203', '2013'); 
INSERT INTO `cms`.`course_faculty` (`fid`, `course_id`, `acadyear`) VALUES ('4', 'CS205', '2013');
INSERT INTO `cms`.`course_faculty` (`fid`, `course_id`, `acadyear`) VALUES ('8', 'CS201', '2013');
INSERT INTO `cms`.`course_faculty` (`fid`, `course_id`, `acadyear`) VALUES ('8', 'CS202', '2013'); 
INSERT INTO `cms`.`course_faculty` (`fid`, `course_id`, `acadyear`) VALUES ('9', 'CS203', '2013');
INSERT INTO `cms`.`course_faculty` (`fid`, `course_id`, `acadyear`) VALUES ('10', 'HM201', '2014');
INSERT INTO `cms`.`course_faculty` (`fid`, `course_id`, `acadyear`) VALUES ('11', 'IT202', '2014');
INSERT INTO `cms`.`course_faculty` (`fid`, `course_id`, `acadyear`) VALUES ('8', 'IT201', '2014');
INSERT INTO `cms`.`course_faculty` (`fid`, `course_id`, `acadyear`) VALUES ('12', 'CS206', '2014');
INSERT INTO `cms`.`course_faculty` (`fid`, `course_id`, `acadyear`) VALUES ('12', 'CS207', '2014');
INSERT INTO `cms`.`course_faculty` (`fid`, `course_id`, `acadyear`) VALUES ('2', 'MA201', '2014');
INSERT INTO `cms`.`course_faculty` (`fid`, `course_id`, `acadyear`) VALUES ('2', 'CS208', '2014'); 
INSERT INTO `cms`.`course_faculty` (`fid`, `course_id`, `acadyear`) VALUES('4', 'CS209', '2014');
INSERT INTO `cms`.`course_faculty` (`fid`, `course_id`, `acadyear`) VALUES ('12', 'CS211', '2014'); 
INSERT INTO `cms`.`course_faculty` (`fid`, `course_id`, `acadyear`) VALUES ('8', 'IT204', '2014');
INSERT INTO `cms`.`course_faculty` (`fid`, `course_id`, `acadyear`) VALUES ('4', 'IT205', '2014');
INSERT INTO `cms`.`course_faculty` (`fid`, `course_id`, `acadyear`) VALUES ('4', 'IT206', '2014');
INSERT INTO `cms`.`course_faculty` (`fid`, `course_id`, `acadyear`) VALUES ('13', 'CS212', '2014');
INSERT INTO `cms`.`course_faculty` (`fid`, `course_id`, `acadyear`) VALUES ('13', 'CS213', '2014');
INSERT INTO `cms`.`course_faculty` (`fid`, `course_id`, `acadyear`) VALUES ('14', 'HM202', '2014');
INSERT INTO `cms`.`course_faculty` (`fid`, `course_id`, `acadyear`) VALUES ('15', 'HM203', '2014');
INSERT INTO `cms`.`course_faculty` (`fid`, `course_id`, `acadyear`) VALUES ('16', 'IT207', '2014');
INSERT INTO `cms`.`course_faculty` (`fid`, `course_id`, `acadyear`) VALUES ('11', 'CS214', '2014');
INSERT INTO `cms`.`course_faculty` (`fid`, `course_id`, `acadyear`) VALUES ('6', 'PH101', '2015'); 
INSERT INTO `cms`.`course_faculty` (`fid`, `course_id`, `acadyear`) VALUES ('4', 'IT102', '2015');
INSERT INTO `cms`.`course_faculty` (`fid`, `course_id`, `acadyear`) VALUES ('3', 'EL101', '2015'); 
INSERT INTO `cms`.`course_faculty` (`fid`, `course_id`, `acadyear`) VALUES ('4', 'IT101', '2015');
INSERT INTO `cms`.`course_faculty` (`fid`, `course_id`, `acadyear`) VALUES ('1', 'HM101', '2015'); 
INSERT INTO `cms`.`course_faculty` (`fid`, `course_id`, `acadyear`) VALUES ('2', 'MA201', '2015');
INSERT INTO `cms`.`course_faculty` (`fid`, `course_id`, `acadyear`) VALUES ('7', 'EL102', '2015'); 
INSERT INTO `cms`.`course_faculty` (`fid`, `course_id`, `acadyear`) VALUES ('2', 'MA102', '2015');
INSERT INTO `cms`.`course_faculty` (`fid`, `course_id`, `acadyear`) VALUES ('8', 'IT203', '2015'); 
INSERT INTO `cms`.`course_faculty` (`fid`, `course_id`, `acadyear`) VALUES ('4', 'CS205', '2015');
INSERT INTO `cms`.`course_faculty` (`fid`, `course_id`, `acadyear`) VALUES ('8', 'CS201', '2015');
INSERT INTO `cms`.`course_faculty` (`fid`, `course_id`, `acadyear`) VALUES ('8', 'CS202', '2015'); 
INSERT INTO `cms`.`course_faculty` (`fid`, `course_id`, `acadyear`) VALUES ('9', 'CS203', '2015');
INSERT INTO `cms`.`course_faculty` (`fid`, `course_id`, `acadyear`) VALUES ('10', 'HM201', '2015');
INSERT INTO `cms`.`course_faculty` (`fid`, `course_id`, `acadyear`) VALUES ('11', 'IT202', '2015');
INSERT INTO `cms`.`course_faculty` (`fid`, `course_id`, `acadyear`) VALUES ('8', 'IT201', '2015');
INSERT INTO `cms`.`course_faculty` (`fid`, `course_id`, `acadyear`) VALUES ('12', 'CS206', '2015');
INSERT INTO `cms`.`course_faculty` (`fid`, `course_id`, `acadyear`) VALUES ('12', 'CS207', '2015');
INSERT INTO `cms`.`course_faculty` (`fid`, `course_id`, `acadyear`) VALUES ('2', 'MA201', '2015');
INSERT INTO `cms`.`course_faculty` (`fid`, `course_id`, `acadyear`) VALUES ('2', 'CS208', '2015'); 
INSERT INTO `cms`.`course_faculty` (`fid`, `course_id`, `acadyear`) VALUES('4', 'CS209', '2015');
INSERT INTO `cms`.`course_faculty` (`fid`, `course_id`, `acadyear`) VALUES ('12', 'CS211', '2015'); 
INSERT INTO `cms`.`course_faculty` (`fid`, `course_id`, `acadyear`) VALUES ('8', 'IT204', '2015');
INSERT INTO `cms`.`course_faculty` (`fid`, `course_id`, `acadyear`) VALUES ('4', 'IT205', '2015');
INSERT INTO `cms`.`course_faculty` (`fid`, `course_id`, `acadyear`) VALUES ('4', 'IT206', '2015');
INSERT INTO `cms`.`course_faculty` (`fid`, `course_id`, `acadyear`) VALUES ('13', 'CS212', '2015');
INSERT INTO `cms`.`course_faculty` (`fid`, `course_id`, `acadyear`) VALUES ('13', 'CS213', '2015');
INSERT INTO `cms`.`course_faculty` (`fid`, `course_id`, `acadyear`) VALUES ('14', 'HM202', '2015');
INSERT INTO `cms`.`course_faculty` (`fid`, `course_id`, `acadyear`) VALUES ('15', 'HM203', '2015');
INSERT INTO `cms`.`course_faculty` (`fid`, `course_id`, `acadyear`) VALUES ('16', 'IT207', '2015');
INSERT INTO `cms`.`course_faculty` (`fid`, `course_id`, `acadyear`) VALUES ('11', 'CS214', '2015');



INSERT INTO `cms`.`semester_courses` (`sem_id`, `course_id`) VALUES ('1', 'HM101');
INSERT INTO `cms`.`semester_courses` (`sem_id`, `course_id`) VALUES ('1', 'MA101');
INSERT INTO `cms`.`semester_courses` (`sem_id`, `course_id`) VALUES ('1', 'EL101');
INSERT INTO `cms`.`semester_courses` (`sem_id`, `course_id`) VALUES ('1', 'IT101');
INSERT INTO `cms`.`semester_courses` (`sem_id`, `course_id`) VALUES ('1', 'IT102');
INSERT INTO `cms`.`semester_courses` (`sem_id`, `course_id`) VALUES ('1', 'PH101');
INSERT INTO `cms`.`semester_courses` (`sem_id`, `course_id`) VALUES ('2', 'EL102');
INSERT INTO `cms`.`semester_courses` (`sem_id`, `course_id`) VALUES ('2', 'MA102');
INSERT INTO `cms`.`semester_courses` (`sem_id`, `course_id`) VALUES ('2', 'CS201');
INSERT INTO `cms`.`semester_courses` (`sem_id`, `course_id`) VALUES ('2', 'CS202');
INSERT INTO `cms`.`semester_courses` (`sem_id`, `course_id`) VALUES ('2', 'CS203');
INSERT INTO `cms`.`semester_courses` (`sem_id`, `course_id`) VALUES ('2', 'IT203');
INSERT INTO `cms`.`semester_courses` (`sem_id`, `course_id`) VALUES ('2', 'CS205');
INSERT INTO `cms`.`semester_courses` (`sem_id`, `course_id`) VALUES ('3', 'HM201');
INSERT INTO `cms`.`semester_courses` (`sem_id`, `course_id`) VALUES ('3', 'IT202');
INSERT INTO `cms`.`semester_courses` (`sem_id`, `course_id`) VALUES ('3', 'IT201');
INSERT INTO `cms`.`semester_courses` (`sem_id`, `course_id`) VALUES ('3', 'CS206');
INSERT INTO `cms`.`semester_courses` (`sem_id`, `course_id`) VALUES ('3', 'CS207');
INSERT INTO `cms`.`semester_courses` (`sem_id`, `course_id`) VALUES ('3', 'MA201');
INSERT INTO `cms`.`semester_courses` (`sem_id`, `course_id`) VALUES ('3', 'CS208');
INSERT INTO `cms`.`semester_courses` (`sem_id`, `course_id`) VALUES ('3', 'CS209');
INSERT INTO `cms`.`semester_courses` (`sem_id`, `course_id`) VALUES ('4', 'CS210');
INSERT INTO `cms`.`semester_courses` (`sem_id`, `course_id`) VALUES ('4', 'CS211');
INSERT INTO `cms`.`semester_courses` (`sem_id`, `course_id`) VALUES ('4', 'IT204');
INSERT INTO `cms`.`semester_courses` (`sem_id`, `course_id`) VALUES ('4', 'IT205');
INSERT INTO `cms`.`semester_courses` (`sem_id`, `course_id`) VALUES ('4', 'IT206');
INSERT INTO `cms`.`semester_courses` (`sem_id`, `course_id`) VALUES ('4', 'CS212');
INSERT INTO `cms`.`semester_courses` (`sem_id`, `course_id`) VALUES ('4', 'CS213');
INSERT INTO `cms`.`semester_courses` (`sem_id`, `course_id`) VALUES ('4', 'CS214');
INSERT INTO `cms`.`semester_courses` (`sem_id`, `course_id`) VALUES ('4', 'HM202');
  


INSERT INTO `cms`.`student_course_faculty_grade` (`sid`, `course_id`, `fid`, `gid`) VALUES ('1', 'HM101', '1', 'BB');
INSERT INTO `cms`.`student_course_faculty_grade` (`sid`, `course_id`, `fid`, `gid`) VALUES ('1', 'MA101', '2', 'BC');
INSERT INTO `cms`.`student_course_faculty_grade` (`sid`, `course_id`, `fid`, `gid`) VALUES ('1', 'EL101', '3', 'BB');
INSERT INTO `cms`.`student_course_faculty_grade` (`sid`, `course_id`, `fid`, `gid`) VALUES ('1', 'IT101', '4', 'AB');
INSERT INTO `cms`.`student_course_faculty_grade` (`sid`, `course_id`, `fid`, `gid`) VALUES ('1', 'IT102', '4', 'BC');
INSERT INTO `cms`.`student_course_faculty_grade` (`sid`, `course_id`, `fid`, `gid`) VALUES ('1', 'PH101', '6', 'BB');


INSERT INTO `cms`.`student_course_faculty_grade` (`sid`, `course_id`, `fid`, `gid`) VALUES ('1', 'EL102', '7', 'BB');
INSERT INTO `cms`.`student_course_faculty_grade` (`sid`, `course_id`, `fid`, `gid`) VALUES ('1', 'MA102', '2', 'BC');
INSERT INTO `cms`.`student_course_faculty_grade` (`sid`, `course_id`, `fid`, `gid`) VALUES ('1', 'CS201', '8', 'BB');
INSERT INTO `cms`.`student_course_faculty_grade` (`sid`, `course_id`, `fid`, `gid`) VALUES ('1', 'CS202', '8', 'BC');
INSERT INTO `cms`.`student_course_faculty_grade` (`sid`, `course_id`, `fid`, `gid`) VALUES ('1', 'CS203', '9', 'BB');
INSERT INTO `cms`.`student_course_faculty_grade` (`sid`, `course_id`, `fid`, `gid`) VALUES ('1', 'IT203', '8', 'BB');


INSERT INTO `cms`.`student_course_faculty_grade` (`sid`, `course_id`, `fid`, `gid`) VALUES ('1', 'HM201', '10', 'AA');
INSERT INTO `cms`.`student_course_faculty_grade` (`sid`, `course_id`, `fid`, `gid`) VALUES ('1', 'CS206', '12', 'BC');
INSERT INTO `cms`.`student_course_faculty_grade` (`sid`, `course_id`, `fid`, `gid`) VALUES ('1', 'CS207', '12', 'BB');
INSERT INTO `cms`.`student_course_faculty_grade` (`sid`, `course_id`, `fid`, `gid`) VALUES ('1', 'MA201', '2', 'BC');
INSERT INTO `cms`.`student_course_faculty_grade` (`sid`, `course_id`, `fid`, `gid`) VALUES ('1', 'CS208', '2', 'CD');
INSERT INTO `cms`.`student_course_faculty_grade` (`sid`, `course_id`, `fid`, `gid`) VALUES ('1', 'IT202', '11', 'AB');
INSERT INTO `cms`.`student_course_faculty_grade` (`sid`, `course_id`, `fid`, `gid`) VALUES ('1', 'IT201', '8', 'AB');


INSERT INTO `cms`.`student_course_faculty_grade` (`sid`, `course_id`, `fid`, `gid`) VALUES ('1', 'CS210', '12', 'BB');
INSERT INTO `cms`.`student_course_faculty_grade` (`sid`, `course_id`, `fid`, `gid`) VALUES ('1', 'CS211', '12', 'CC');
INSERT INTO `cms`.`student_course_faculty_grade` (`sid`, `course_id`, `fid`, `gid`) VALUES ('1', 'IT204', '8', 'AA');
INSERT INTO `cms`.`student_course_faculty_grade` (`sid`, `course_id`, `fid`, `gid`) VALUES ('1', 'IT205', '4', 'AA');
INSERT INTO `cms`.`student_course_faculty_grade` (`sid`, `course_id`, `fid`, `gid`) VALUES ('1', 'IT206', '4', 'BC');
INSERT INTO `cms`.`student_course_faculty_grade` (`sid`, `course_id`, `fid`, `gid`) VALUES ('1', 'HM202', '14', 'BB');
INSERT INTO `cms`.`student_course_faculty_grade` (`sid`, `course_id`, `fid`, `gid`) VALUES ('1', 'HM203', '15', 'AB');
INSERT INTO `cms`.`student_course_faculty_grade` (`sid`, `course_id`, `fid`, `gid`) VALUES ('1', 'IT207', '16', 'BC');


INSERT INTO `cms`.`student_course_faculty_grade` (`sid`, `course_id`, `fid`, `gid`) VALUES ('2', 'HM101', '1', 'BB');
INSERT INTO `cms`.`student_course_faculty_grade` (`sid`, `course_id`, `fid`, `gid`) VALUES ('2', 'MA101', '2', 'BC');
INSERT INTO `cms`.`student_course_faculty_grade` (`sid`, `course_id`, `fid`, `gid`) VALUES ('2', 'EL101', '3', 'BB');
INSERT INTO `cms`.`student_course_faculty_grade` (`sid`, `course_id`, `fid`, `gid`) VALUES ('2', 'IT101', '4', 'BC');
INSERT INTO `cms`.`student_course_faculty_grade` (`sid`, `course_id`, `fid`, `gid`) VALUES ('2', 'IT102', '4', 'BB');
INSERT INTO `cms`.`student_course_faculty_grade` (`sid`, `course_id`, `fid`, `gid`) VALUES ('2', 'PH101', '6', 'AB');


INSERT INTO `cms`.`student_course_faculty_grade` (`sid`, `course_id`, `fid`, `gid`) VALUES ('2', 'EL102', '7', 'BB');
INSERT INTO `cms`.`student_course_faculty_grade` (`sid`, `course_id`, `fid`, `gid`) VALUES ('2', 'MA102', '2', 'BC');
INSERT INTO `cms`.`student_course_faculty_grade` (`sid`, `course_id`, `fid`, `gid`) VALUES ('2', 'CS201', '8', 'BB');
INSERT INTO `cms`.`student_course_faculty_grade` (`sid`, `course_id`, `fid`, `gid`) VALUES ('2', 'CS202', '8', 'BC');
INSERT INTO `cms`.`student_course_faculty_grade` (`sid`, `course_id`, `fid`, `gid`) VALUES ('2', 'CS203', '9', 'BB');
INSERT INTO `cms`.`student_course_faculty_grade` (`sid`, `course_id`, `fid`, `gid`) VALUES ('2', 'IT203', '8', 'BB');


INSERT INTO `cms`.`student_course_faculty_grade` (`sid`, `course_id`, `fid`, `gid`) VALUES ('2', 'HM201', '10', 'AA');
INSERT INTO `cms`.`student_course_faculty_grade` (`sid`, `course_id`, `fid`, `gid`) VALUES ('2', 'CS206', '12', 'BC');
INSERT INTO `cms`.`student_course_faculty_grade` (`sid`, `course_id`, `fid`, `gid`) VALUES ('2', 'CS207', '12', 'BB');
INSERT INTO `cms`.`student_course_faculty_grade` (`sid`, `course_id`, `fid`, `gid`) VALUES ('2', 'MA201', '2', 'BC');
INSERT INTO `cms`.`student_course_faculty_grade` (`sid`, `course_id`, `fid`, `gid`) VALUES ('2', 'CS208', '2', 'CD');
INSERT INTO `cms`.`student_course_faculty_grade` (`sid`, `course_id`, `fid`, `gid`) VALUES ('2', 'IT202', '11', 'AB');
INSERT INTO `cms`.`student_course_faculty_grade` (`sid`, `course_id`, `fid`, `gid`) VALUES ('2', 'IT201', '8', 'AB');


INSERT INTO `cms`.`student_course_faculty_grade` (`sid`, `course_id`, `fid`, `gid`) VALUES ('2', 'CS210', '12', 'BB');
INSERT INTO `cms`.`student_course_faculty_grade` (`sid`, `course_id`, `fid`, `gid`) VALUES ('2', 'CS211', '12', 'CC');
INSERT INTO `cms`.`student_course_faculty_grade` (`sid`, `course_id`, `fid`, `gid`) VALUES ('2', 'IT204', '8', 'AA');
INSERT INTO `cms`.`student_course_faculty_grade` (`sid`, `course_id`, `fid`, `gid`) VALUES ('2', 'IT205', '4', 'AA');
INSERT INTO `cms`.`student_course_faculty_grade` (`sid`, `course_id`, `fid`, `gid`) VALUES ('2', 'IT206', '4', 'BC');
INSERT INTO `cms`.`student_course_faculty_grade` (`sid`, `course_id`, `fid`, `gid`) VALUES ('2', 'HM202', '14', 'BB');
INSERT INTO `cms`.`student_course_faculty_grade` (`sid`, `course_id`, `fid`, `gid`) VALUES ('2', 'HM203', '15', 'AB');
INSERT INTO `cms`.`student_course_faculty_grade` (`sid`, `course_id`, `fid`, `gid`) VALUES ('2', 'IT207', '16', 'BC');


INSERT INTO `cms`.`student` (`sid`, `firstname`, `lastname`, `password`, `father_name`, `mother_name`, `gender`, `status_ARA`, `status_MC`, `s_mob_no`, `guardian_email`, `guardian_mob_no`, `branch`, `jee_rank`, `jee_roll_no`, `board`, `address`, `city`, `state`, `pin`, `batch`, `blood_group`) VALUES ('1', 'ABCC', 'MINNNNA', '585666', 'dMNOP', 'ANTOSH', 'm', '0', '0', '2569896', 'BBaa@gmail.com', '458979', 'it', '658', '852', 'Cbse', 'MMMM', 'MUMBAI', 'MAHARATRA', '325896', '2013', 'B+');
INSERT INTO `cms`.`student` (`sid`, `firstname`, `lastname`, `password`, `father_name`, `mother_name`, `gender`, `status_ARA`, `status_MC`, `s_mob_no`, `guardian_email`, `guardian_mob_no`, `branch`, `jee_rank`, `jee_roll_no`, `board`, `address`, `city`, `state`, `pin`, `batch`, `blood_group`) VALUES ('2', 'PQRS', 'VINNNDD', '4785', 'NHUI', 'NHUYT', 'm', '0', '0', '858698569', 'nnjaa21@gmail.com', '58666', 'it', '5896', '2856', 'Cbse', 'TELNGGGNNNAa', 'HDRBD', 'JHUDI', '325252', '2013', 'O+');


INSERT INTO `cms`.`semester` (`sem_id`, `season`) VALUES ('1', 'Autumn');
INSERT INTO `cms`.`semester` (`sem_id`, `season`) VALUES ('2', 'Winter');
INSERT INTO `cms`.`semester` (`sem_id`, `season`) VALUES ('3', 'Autumn');
INSERT INTO `cms`.`semester` (`sem_id`, `season`) VALUES ('4', 'Winter');
INSERT INTO `cms`.`semester` (`sem_id`, `season`) VALUES ('5', 'Autumn');
INSERT INTO `cms`.`semester` (`sem_id`, `season`) VALUES ('6', 'Winter');
INSERT INTO `cms`.`semester` (`sem_id`, `season`) VALUES ('7', 'Autumn');
INSERT INTO `cms`.`semester` (`sem_id`, `season`) VALUES ('8', 'Winter');



INSERT INTO `cms`.`student_enrolls_course` (`sid`, `course_id`, `acadyear`) VALUES ('1', 'MA101', '2013');
INSERT INTO `cms`.`student_enrolls_course` (`sid`, `course_id`, `acadyear`) VALUES ('1', 'HM101', '2013');
INSERT INTO `cms`.`student_enrolls_course` (`sid`, `course_id`, `acadyear`) VALUES ('1', 'EL101', '2013');
INSERT INTO `cms`.`student_enrolls_course` (`sid`, `course_id`, `acadyear`) VALUES ('1', 'IT101', '2013');
INSERT INTO `cms`.`student_enrolls_course` (`sid`, `course_id`, `acadyear`) VALUES ('1', 'IT102', '2013');
INSERT INTO `cms`.`student_enrolls_course` (`sid`, `course_id`, `acadyear`) VALUES ('1', 'PH101', '2013');


INSERT INTO `cms`.`student_enrolls_course` (`sid`, `course_id`, `acadyear`) VALUES ('2', 'MA101', '2013');
INSERT INTO `cms`.`student_enrolls_course` (`sid`, `course_id`, `acadyear`) VALUES ('2', 'HM101', '2013');
INSERT INTO `cms`.`student_enrolls_course` (`sid`, `course_id`, `acadyear`) VALUES ('2', 'EL101', '2013');
INSERT INTO `cms`.`student_enrolls_course` (`sid`, `course_id`, `acadyear`) VALUES ('2', 'IT101', '2013');
INSERT INTO `cms`.`student_enrolls_course` (`sid`, `course_id`, `acadyear`) VALUES ('2', 'IT102', '2013');
INSERT INTO `cms`.`student_enrolls_course` (`sid`, `course_id`, `acadyear`) VALUES ('2', 'PH101', '2013');

INSERT INTO `cms`.`student_enrolls_course` (`sid`, `course_id`, `acadyear`) VALUES ('1', 'MA102', '2014');
INSERT INTO `cms`.`student_enrolls_course` (`sid`, `course_id`, `acadyear`) VALUES ('1', 'CS201', '2014');
INSERT INTO `cms`.`student_enrolls_course` (`sid`, `course_id`, `acadyear`) VALUES ('1', 'EL102', '2014');
INSERT INTO `cms`.`student_enrolls_course` (`sid`, `course_id`, `acadyear`) VALUES ('1', 'IT203', '2014');
INSERT INTO `cms`.`student_enrolls_course` (`sid`, `course_id`, `acadyear`) VALUES ('1', 'CS202', '2014');
INSERT INTO `cms`.`student_enrolls_course` (`sid`, `course_id`, `acadyear`) VALUES ('1', 'CS203', '2014');

INSERT INTO `cms`.`student_enrolls_course` (`sid`, `course_id`, `acadyear`) VALUES ('2', 'MA102', '2014');
INSERT INTO `cms`.`student_enrolls_course` (`sid`, `course_id`, `acadyear`) VALUES ('2', 'CS201', '2014');
INSERT INTO `cms`.`student_enrolls_course` (`sid`, `course_id`, `acadyear`) VALUES ('2', 'EL102', '2014');
INSERT INTO `cms`.`student_enrolls_course` (`sid`, `course_id`, `acadyear`) VALUES ('2', 'IT203', '2014');
INSERT INTO `cms`.`student_enrolls_course` (`sid`, `course_id`, `acadyear`) VALUES ('2', 'CS202', '2014');
INSERT INTO `cms`.`student_enrolls_course` (`sid`, `course_id`, `acadyear`) VALUES ('2', 'CS203', '2014');

INSERT INTO `cms`.`student_enrolls_course` (`sid`, `course_id`, `acadyear`) VALUES ('1', 'MA201', '2014');
INSERT INTO `cms`.`student_enrolls_course` (`sid`, `course_id`, `acadyear`) VALUES ('1', 'CS206', '2014');
INSERT INTO `cms`.`student_enrolls_course` (`sid`, `course_id`, `acadyear`) VALUES ('1', 'HM201', '2014');
INSERT INTO `cms`.`student_enrolls_course` (`sid`, `course_id`, `acadyear`) VALUES ('1', 'IT201', '2014');
INSERT INTO `cms`.`student_enrolls_course` (`sid`, `course_id`, `acadyear`) VALUES ('1', 'CS207', '2014');
INSERT INTO `cms`.`student_enrolls_course` (`sid`, `course_id`, `acadyear`) VALUES ('1', 'IT202', '2014');


INSERT INTO `cms`.`student_enrolls_course` (`sid`, `course_id`, `acadyear`) VALUES ('3', 'MA101', '2014');
INSERT INTO `cms`.`student_enrolls_course` (`sid`, `course_id`, `acadyear`) VALUES ('3', 'HM101', '2014');
INSERT INTO `cms`.`student_enrolls_course` (`sid`, `course_id`, `acadyear`) VALUES ('3', 'EL101', '2014');
INSERT INTO `cms`.`student_enrolls_course` (`sid`, `course_id`, `acadyear`) VALUES ('3', 'IT101', '2014');
INSERT INTO `cms`.`student_enrolls_course` (`sid`, `course_id`, `acadyear`) VALUES ('3', 'IT102', '2014');
INSERT INTO `cms`.`student_enrolls_course` (`sid`, `course_id`, `acadyear`) VALUES ('3', 'PH101', '2014');



INSERT INTO `cms`.`student_enrolls_course` (`sid`, `course_id`, `acadyear`) VALUES ('3', 'MA102', '2015');
INSERT INTO `cms`.`student_enrolls_course` (`sid`, `course_id`, `acadyear`) VALUES ('3', 'CS201', '2015');
INSERT INTO `cms`.`student_enrolls_course` (`sid`, `course_id`, `acadyear`) VALUES ('3', 'EL102', '2015');
INSERT INTO `cms`.`student_enrolls_course` (`sid`, `course_id`, `acadyear`) VALUES ('3', 'IT203', '2015');
INSERT INTO `cms`.`student_enrolls_course` (`sid`, `course_id`, `acadyear`) VALUES ('3', 'CS202', '2015');
INSERT INTO `cms`.`student_enrolls_course` (`sid`, `course_id`, `acadyear`) VALUES ('3', 'CS203', '2015');


INSERT INTO `cms`.`student_enrolls_course` (`sid`, `course_id`, `acadyear`) VALUES ('3', 'MA201', '2015');
INSERT INTO `cms`.`student_enrolls_course` (`sid`, `course_id`, `acadyear`) VALUES ('3', 'CS206', '2015');
INSERT INTO `cms`.`student_enrolls_course` (`sid`, `course_id`, `acadyear`) VALUES ('3', 'HM201', '2015');
INSERT INTO `cms`.`student_enrolls_course` (`sid`, `course_id`, `acadyear`) VALUES ('3', 'IT201', '2015');
INSERT INTO `cms`.`student_enrolls_course` (`sid`, `course_id`, `acadyear`) VALUES ('3', 'CS207', '2015');
INSERT INTO `cms`.`student_enrolls_course` (`sid`, `course_id`, `acadyear`) VALUES ('3', 'IT202', '2015');

INSERT INTO `cms`.`student_enrolls_course` (`sid`, `course_id`, `acadyear`) VALUES ('2', 'MA201', '2014');
INSERT INTO `cms`.`student_enrolls_course` (`sid`, `course_id`, `acadyear`) VALUES ('2', 'CS206', '2014');
INSERT INTO `cms`.`student_enrolls_course` (`sid`, `course_id`, `acadyear`) VALUES ('2', 'HM201', '2015');
INSERT INTO `cms`.`student_enrolls_course` (`sid`, `course_id`, `acadyear`) VALUES ('2', 'IT201', '2014');
INSERT INTO `cms`.`student_enrolls_course` (`sid`, `course_id`, `acadyear`) VALUES ('2', 'CS207', '2014');
INSERT INTO `cms`.`student_enrolls_course` (`sid`, `course_id`, `acadyear`) VALUES ('2', 'IT202', '2014');


INSERT INTO `cms`.`student_enrolls_course` (`sid`, `course_id`, `acadyear`) VALUES ('1', 'HM203', '2015');
INSERT INTO `cms`.`student_enrolls_course` (`sid`, `course_id`, `acadyear`) VALUES ('1', 'CS210', '2015');
INSERT INTO `cms`.`student_enrolls_course` (`sid`, `course_id`, `acadyear`) VALUES ('1', 'HM202', '2015');
INSERT INTO `cms`.`student_enrolls_course` (`sid`, `course_id`, `acadyear`) VALUES ('1', 'IT204', '2015');
INSERT INTO `cms`.`student_enrolls_course` (`sid`, `course_id`, `acadyear`) VALUES ('1', 'CS211', '2015');
INSERT INTO `cms`.`student_enrolls_course` (`sid`, `course_id`, `acadyear`) VALUES ('1', 'IT205', '2015');
INSERT INTO `cms`.`student_enrolls_course` (`sid`, `course_id`, `acadyear`) VALUES ('1', 'IT206', '2015');
INSERT INTO `cms`.`student_enrolls_course` (`sid`, `course_id`, `acadyear`) VALUES ('1', 'IT207', '2015');

INSERT INTO `cms`.`student_enrolls_course` (`sid`, `course_id`, `acadyear`) VALUES ('2', 'HM203', '2015');
INSERT INTO `cms`.`student_enrolls_course` (`sid`, `course_id`, `acadyear`) VALUES ('2', 'CS210', '2015');
INSERT INTO `cms`.`student_enrolls_course` (`sid`, `course_id`, `acadyear`) VALUES ('2', 'HM202', '2015');
INSERT INTO `cms`.`student_enrolls_course` (`sid`, `course_id`, `acadyear`) VALUES ('2', 'IT204', '2015');
INSERT INTO `cms`.`student_enrolls_course` (`sid`, `course_id`, `acadyear`) VALUES ('2', 'CS211', '2015');
INSERT INTO `cms`.`student_enrolls_course` (`sid`, `course_id`, `acadyear`) VALUES ('2', 'IT205', '2015');
INSERT INTO `cms`.`student_enrolls_course` (`sid`, `course_id`, `acadyear`) VALUES ('2', 'IT206', '2015');
INSERT INTO `cms`.`student_enrolls_course` (`sid`, `course_id`, `acadyear`) VALUES ('2', 'IT207', '2015');

INSERT INTO `cms`.`student_registers_for_semester` (`sid`, `sem_id`, `acadyear`) VALUES ('1', '1', '2013');
INSERT INTO `cms`.`student_registers_for_semester` (`sid`, `sem_id`, `acadyear`) VALUES ('1', '2', '2014');
INSERT INTO `cms`.`student_registers_for_semester` (`sid`, `sem_id`, `acadyear`) VALUES ('1', '3', '2014');
INSERT INTO `cms`.`student_registers_for_semester` (`sid`, `sem_id`, `acadyear`) VALUES ('1', '4', '2015');

INSERT INTO `cms`.`student_registers_for_semester` (`sid`, `sem_id`, `acadyear`) VALUES ('2', '1', '2013');
INSERT INTO `cms`.`student_registers_for_semester` (`sid`, `sem_id`, `acadyear`) VALUES ('2', '2', '2014');
INSERT INTO `cms`.`student_registers_for_semester` (`sid`, `sem_id`, `acadyear`) VALUES ('2', '3', '2015');
INSERT INTO `cms`.`student_registers_for_semester` (`sid`, `sem_id`, `acadyear`) VALUES ('2', '4', '2015');

INSERT INTO `cms`.`grade` (`gid`, `grade`) VALUES ('AA', '10');
INSERT INTO `cms`.`grade` (`gid`, `grade`) VALUES ('AB', '9');
INSERT INTO `cms`.`grade` (`gid`, `grade`) VALUES ('BB', '8');
INSERT INTO `cms`.`grade` (`gid`, `grade`) VALUES ('BC', '7');
INSERT INTO `cms`.`grade` (`gid`, `grade`) VALUES ('CC', '6');
INSERT INTO `cms`.`grade` (`gid`, `grade`) VALUES ('CD', '5');
INSERT INTO `cms`.`grade` (`gid`, `grade`) VALUES ('DD', '4');
INSERT INTO `cms`.`grade` (`gid`, `grade`) VALUES ('DE', '3');
INSERT INTO `cms`.`grade` (`gid`, `grade`) VALUES ('I', '0');
INSERT INTO `cms`.`grade` (`gid`, `grade`) VALUES ('P', '10');
INSERT INTO `cms`.`grade` (`gid`, `grade`) VALUES ('F', '0');


---------------------------------------------------------------------- This part onwards was added by prashant data


INSERT INTO `course_faculty` (`fid`, `course_id`, `acadyear`) VALUES
('111', 'IT303', '2015'),
('111', 'IT305', '2015'),
('123', 'IT301', '2015'),
('123', 'IT302', '2015');

INSERT INTO `semester` (`sem_id`, `season`) VALUES
('1', 'Autumn'),
('2', 'Winter'),
('3', 'Autumn'),
('4', 'Winter'),
('5', 'Autumn'),
('6', 'Winter');


INSERT INTO `student_course_faculty_grade` (`sid`, `course_id`, `fid`, `gid`) VALUES
('201352002', 'IT303', '007', 'AB'),
('201352002', 'Subject', '007', 'AA'),
('201352016', 'IT303', '007', 'BC'),
('201352017', 'IT303', '007', 'DD'),
('201352019', 'IT303', '007', 'CC');


INSERT INTO `student_enrolls_course` (`sid`, `course_id`, `acadyear`) VALUES
('201352002', 'IT301', '2015'),
('201352002', 'IT303', '2015'),
('201352005', 'IT301', '2015'),
('201352015', 'IT303', '2015'),
('201352016', 'IT303', '2015'),
('201352017', 'IT303', '2015'),
('201352019', 'IT303', '2015'),
('201352021', 'IT303', '2015'),
('201352022', 'IT305', '2015'),
('201352026', 'IT302', '2015'),
('201352117', 'IT305', '2015'),
('201452011', 'IT204', '2015'),
('201452017', 'IT304', '2015');

INSERT INTO `faculty` (`fid`, `firstname`, `lastname`, `password`, `gender`, `degree`, `degree_field`, `f_mob_no`, `f_email`, `address`, `city`, `state`, `pin`, `join_date`, `blood_group`) VALUES
(111, 'Asim', 'Banerjee', 'password', 'm', 'PH D', 'Software_eng', '8934435434', 'asim_banerjee@gmail.com', 'daiict-Gandhinagar', 'Gandhi', 'Gujarat', '308038', '2015-08-03 00:00:00', 'O+'),
(123, 'Jignesh', 'bhatt', 'password', 'm', 'PH D', 'CV', '0909090909', 'j@g.g', 'lbhkjhb', 'njnkj', 'nkjnkjn', '890989', '2014-11-13 00:00:00', 'B+');

INSERT INTO `semester_courses` (`sem_id`, `course_id`) VALUES
('4', 'IT204'),
('4', 'IT304'),
('5', 'IT301'),
('5', 'IT302'),
('5', 'IT303'),
('5', 'IT305');


INSERT INTO `course` (`course_id`, `course_name`, `course_credit`) VALUES
('IT301', 'CN', 3),
('IT302', 'CN LAB', 3),
('IT303', 'Software E', 4),
('IT305', 'Web_tech', 3);


INSERT INTO `student` (`sid`, `firstname`, `lastname`, `password`, `father_name`, `mother_name`, `gender`, `status_ARA`, `status_MC`, `s_mob_no`, `guardian_email`, `guardian_mob_no`, `branch`, `jee_rank`, `jee_roll_no`, `board`, `address`, `city`, `state`, `pin`, `batch`, `blood_group`) VALUES
(201352117, 'jkl', 'jkl', 'password', 'jkl', 'jkl', 'm', '1', '1', '8888888888', '8@er.d', '9898989898', 'it', '1', '10909989', 'hjk', 'hjkh', 'lhjkl', 'jbhkj', '909090', '2013', 'O+');


-----------------------------------------------------------------------------------------------------------------------------------------------------------